"Codi municipi","Municipi","Codi Districte BCN","Nom Districte BCN","Codi Àrea Territorial","Àrea Territorial","Codi comarca","Comarca","Disp Canvi Cicle Lliurats","Disp Alta Complexitat Lliurats","Disp Altres Lliurats","Mifi Canvi Cicle Lliurats","Mifi Alta Complexitat Lliurats","Mifi Altres Lliurats","Disp total lliurats","Mifi total lliurats"
"080018","Abrera",,,"0308","Baix Llobregat","11","Baix Llobregat","18","0","37","10","0","10","55","20"
"080039","Alella",,,"0508","Maresme - Vallès Oriental","21","Maresme","4","0","11","2","0","3","15","5"
"080057","L'Ametlla del Vallès",,,"0508","Maresme - Vallès Oriental","41","Vallès Oriental","1","0","3","0","0","1","4","1"
"080060","Arenys de Mar",,,"0508","Maresme - Vallès Oriental","21","Maresme","33","0","72","13","0","35","105","48"
"080076","Arenys de Munt",,,"0508","Maresme - Vallès Oriental","21","Maresme","6","0","7","6","0","7","13","13"
"080095","Argentona",,,"0508","Maresme - Vallès Oriental","21","Maresme","7","16","34","5","16","21","57","42"
"080109","Artés",,,"1060","Catalunya Central","07","Bages","3","0","0","3","0","0","3","3"
"080121","Avinyó",,,"1060","Catalunya Central","07","Bages","3","0","1","0","0","0","4","0"
"080137","Avinyonet del Penedès",,,"0208","Barcelona Comarques","03","Alt Penedès","1","0","0","1","0","0","1","1"
"080155","Badalona",,,"0208","Barcelona Comarques","13","Barcelonès","404","373","211","339","272","146","988","757"
"080168","Bagà",,,"1060","Catalunya Central","14","Berguedà","6","0","8","6","0","6","14","12"
"080174","Balenyà",,,"1060","Catalunya Central","24","Osona","3","0","0","3","0","0","3","3"
"080193","Barcelona","01","DM I - Ciutat vella","0108","Consorci d'Educació de Barcelona","13","Barcelonès","133","201","64","115","167","48","398","330"
"080193","Barcelona","02","DM II - Eixample","0108","Consorci d'Educació de Barcelona","13","Barcelonès","103","0","95","97","0","51","198","148"
"080193","Barcelona","03","DM III - Sants - Montjuïc","0108","Consorci d'Educació de Barcelona","13","Barcelonès","123","180","138","111","159","111","441","381"
"080193","Barcelona","04","DM IV - Les Corts","0108","Consorci d'Educació de Barcelona","13","Barcelonès","17","0","7","8","0","6","24","14"
"080193","Barcelona","05","DM V - Sarrià - Sant Gervasi","0108","Consorci d'Educació de Barcelona","13","Barcelonès","48","107","130","23","77","79","285","179"
"080193","Barcelona","06","DM VI - Gràcia","0108","Consorci d'Educació de Barcelona","13","Barcelonès","12","0","29","11","0","25","41","36"
"080193","Barcelona","07","DM VII - Horta - Guinardó","0108","Consorci d'Educació de Barcelona","13","Barcelonès","19","0","22","12","0","13","41","25"
"080193","Barcelona","08","DM VIII - Nou Barris","0108","Consorci d'Educació de Barcelona","13","Barcelonès","100","27","55","92","25","43","182","160"
"080193","Barcelona","09","DM IX - Sant Andreu","0108","Consorci d'Educació de Barcelona","13","Barcelonès","215","262","92","156","198","70","569","424"
"080193","Barcelona","10","DM X - Sant Martí","0108","Consorci d'Educació de Barcelona","13","Barcelonès","135","137","126","106","121","86","398","313"
"080207","Begues",,,"0308","Baix Llobregat","11","Baix Llobregat","6","0","14","4","0","12","20","16"
"080229","Berga",,,"1060","Catalunya Central","14","Berguedà","29","0","11","30","0","20","40","50"
"080235","Bigues i Riells",,,"0508","Maresme - Vallès Oriental","41","Vallès Oriental","9","0","51","7","0","24","60","31"
"080272","Les Cabanyes",,,"0208","Barcelona Comarques","03","Alt Penedès","2","0","0","2","0","0","2","2"
"080288","Cabrera d'Anoia",,,"1060","Catalunya Central","06","Anoia","1","0","0","1","0","0","1","1"
"080291","Cabrera de Mar",,,"0508","Maresme - Vallès Oriental","21","Maresme","0","0","0","0","0","1","0","1"
"080305","Cabrils",,,"0508","Maresme - Vallès Oriental","21","Maresme","1","0","12","0","0","6","13","6"
"080312","Calaf",,,"1060","Catalunya Central","06","Anoia","10","0","31","10","0","31","41","41"
"080327","Caldes d'Estrac",,,"0508","Maresme - Vallès Oriental","21","Maresme","2","0","10","0","0","4","12","4"
"080333","Caldes de Montbui",,,"0508","Maresme - Vallès Oriental","41","Vallès Oriental","28","0","50","8","0","20","78","28"
"080351","Calella",,,"0508","Maresme - Vallès Oriental","21","Maresme","31","0","88","11","0","23","119","34"
"080370","Calldetenes",,,"1060","Catalunya Central","24","Osona","3","0","8","3","0","8","11","11"
"080403","Canet de Mar",,,"0508","Maresme - Vallès Oriental","21","Maresme","27","0","51","12","0","14","78","26"
"080410","Canovelles",,,"0508","Maresme - Vallès Oriental","41","Vallès Oriental","28","145","35","22","102","24","208","148"
"080431","Canyelles",,,"0208","Barcelona Comarques","17","Garraf","2","0","0","2","0","0","2","2"
"080446","Capellades",,,"1060","Catalunya Central","06","Anoia","3","0","14","2","0","14","17","16"
"080462","Cardedeu",,,"0508","Maresme - Vallès Oriental","41","Vallès Oriental","8","0","27","8","0","24","35","32"
"080478","Cardona",,,"1060","Catalunya Central","07","Bages","3","0","7","3","0","5","10","8"
"080517","Castellar del Vallès",,,"0408","Vallès Occidental","40","Vallès Occidental","2","0","6","1","0","5","8","6"
"080538","Castellbell i el Vilar",,,"1060","Catalunya Central","07","Bages","5","0","3","4","0","3","8","7"
"080543","Castellbisbal",,,"0408","Vallès Occidental","40","Vallès Occidental","5","0","22","4","0","22","27","26"
"080556","Castellcir",,,"1060","Catalunya Central","42","Moianès","1","0","0","1","0","0","1","1"
"080569","Castelldefels",,,"0308","Baix Llobregat","11","Baix Llobregat","117","0","172","41","0","85","289","126"
"080581","Castellet i la Gornal",,,"0208","Barcelona Comarques","03","Alt Penedès","0","0","2","0","0","2","2","2"
"080620","Castellnou de Bages",,,"1060","Catalunya Central","07","Bages","1","0","0","1","0","0","1","1"
"080667","Castellví de Rosanes",,,"0308","Baix Llobregat","11","Baix Llobregat","5","0","0","3","0","0","5","3"
"080673","Centelles",,,"1060","Catalunya Central","24","Osona","19","0","0","17","0","0","19","17"
"080689","Cervelló",,,"0308","Baix Llobregat","11","Baix Llobregat","9","0","17","5","0","0","26","5"
"080692","Collbató",,,"0308","Baix Llobregat","11","Baix Llobregat","4","0","16","1","0","10","20","11"
"080728","Corbera de Llobregat",,,"0308","Baix Llobregat","11","Baix Llobregat","7","0","28","3","0","7","35","10"
"080734","Cornellà de Llobregat",,,"0308","Baix Llobregat","11","Baix Llobregat","152","111","106","100","75","58","369","233"
"080749","Cubelles",,,"0208","Barcelona Comarques","17","Garraf","23","0","14","19","0","6","37","25"
"080752","Dosrius",,,"0508","Maresme - Vallès Oriental","21","Maresme","7","0","42","4","0","9","49","13"
"080765","Esparreguera",,,"0308","Baix Llobregat","11","Baix Llobregat","43","0","110","18","0","29","153","47"
"080771","Esplugues de Llobregat",,,"0308","Baix Llobregat","11","Baix Llobregat","75","69","66","60","68","14","210","142"
"080826","Fogars de la Selva",,,"0508","Maresme - Vallès Oriental","34","Selva","0","0","13","0","0","11","13","11"
"080847","Fonollosa",,,"1060","Catalunya Central","07","Bages","0","0","0","3","0","0","0","3"
"080863","Les Franqueses del Vallès",,,"0508","Maresme - Vallès Oriental","41","Vallès Oriental","37","37","34","18","31","16","108","65"
"080885","La Garriga",,,"0508","Maresme - Vallès Oriental","41","Vallès Oriental","0","0","4","0","0","4","4","4"
"080898","Gavà",,,"0308","Baix Llobregat","11","Baix Llobregat","46","4","52","23","4","20","102","47"
"080919","Gelida",,,"0208","Barcelona Comarques","03","Alt Penedès","8","0","0","8","0","0","8","8"
"080924","Gironella",,,"1060","Catalunya Central","14","Berguedà","19","0","9","15","0","9","28","24"
"080945","La Granada",,,"0208","Barcelona Comarques","03","Alt Penedès","2","0","11","2","0","1","13","3"
"080961","Granollers",,,"0508","Maresme - Vallès Oriental","41","Vallès Oriental","94","122","225","46","82","104","441","232"
"080983","Sant Salvador de Guardiola",,,"1060","Catalunya Central","07","Bages","1","0","1","1","0","1","2","2"
"080996","Guardiola de Berguedà",,,"1060","Catalunya Central","14","Berguedà","1","0","0","1","0","0","1","1"
"081017","L'Hospitalet de Llobregat",,,"0208","Barcelona Comarques","13","Barcelonès","435","199","61","403","189","57","695","649"
"081022","Igualada",,,"1060","Catalunya Central","06","Anoia","67","6","29","48","6","24","102","78"
"081056","La Llagosta",,,"0508","Maresme - Vallès Oriental","41","Vallès Oriental","13","0","47","10","0","11","60","21"
"081069","Llinars del Vallès",,,"0508","Maresme - Vallès Oriental","41","Vallès Oriental","14","0","17","8","0","9","31","17"
"081075","Lliçà d'Amunt",,,"0508","Maresme - Vallès Oriental","41","Vallès Oriental","16","0","58","0","0","8","74","8"
"081081","Lliçà de Vall",,,"0508","Maresme - Vallès Oriental","41","Vallès Oriental","1","0","12","0","0","1","13","1"
"081108","Malgrat de Mar",,,"0508","Maresme - Vallès Oriental","21","Maresme","30","0","101","27","0","48","131","75"
"081120","Manlleu",,,"1060","Catalunya Central","24","Osona","68","61","25","55","52","30","154","137"
"081136","Manresa",,,"1060","Catalunya Central","07","Bages","214","117","46","180","108","39","377","327"
"081141","Martorell",,,"0308","Baix Llobregat","11","Baix Llobregat","132","126","94","49","45","46","352","140"
"081154","Martorelles",,,"0508","Maresme - Vallès Oriental","41","Vallès Oriental","5","0","10","4","0","3","15","7"
"081173","Les Masies de Voltregà",,,"1060","Catalunya Central","24","Osona","1","0","2","0","0","1","3","1"
"081189","El Masnou",,,"0508","Maresme - Vallès Oriental","21","Maresme","17","0","45","11","0","23","62","34"
"081192","Masquefa",,,"1060","Catalunya Central","06","Anoia","14","0","8","9","0","5","22","14"
"081206","Matadepera",,,"0408","Vallès Occidental","40","Vallès Occidental","3","0","0","3","0","0","3","3"
"081213","Mataró",,,"0508","Maresme - Vallès Oriental","21","Maresme","222","228","378","153","170","266","828","589"
"081228","Mediona",,,"0208","Barcelona Comarques","03","Alt Penedès","4","0","2","4","0","2","6","6"
"081234","Molins de Rei",,,"0308","Baix Llobregat","11","Baix Llobregat","34","0","127","21","0","83","161","104"
"081249","Mollet del Vallès",,,"0508","Maresme - Vallès Oriental","41","Vallès Oriental","98","27","196","39","25","128","321","192"
"081252","Montcada i Reixac",,,"0408","Vallès Occidental","40","Vallès Occidental","92","29","3","35","29","1","124","65"
"081265","Montgat",,,"0508","Maresme - Vallès Oriental","21","Maresme","17","0","38","2","0","3","55","5"
"081271","Monistrol de Montserrat",,,"1060","Catalunya Central","07","Bages","2","0","0","2","0","0","2","2"
"081326","Montmajor",,,"1060","Catalunya Central","14","Berguedà","0","0","1","0","0","0","1","0"
"081350","Montmeló",,,"0508","Maresme - Vallès Oriental","41","Vallès Oriental","11","0","56","0","0","4","67","4"
"081363","Montornès del Vallès",,,"0508","Maresme - Vallès Oriental","41","Vallès Oriental","42","108","83","23","81","24","233","128"
"081385","Moià",,,"1060","Catalunya Central","42","Moianès","5","0","2","2","0","2","7","4"
"081402","Navarcles",,,"1060","Catalunya Central","07","Bages","1","0","3","1","0","2","4","3"
"081419","Navàs",,,"1060","Catalunya Central","07","Bages","4","0","2","3","0","1","6","4"
"081430","Òdena",,,"1060","Catalunya Central","06","Anoia","1","0","0","1","0","0","1","1"
"081458","Olèrdola",,,"0208","Barcelona Comarques","03","Alt Penedès","2","0","1","2","0","1","3","3"
"081461","Olesa de Bonesvalls",,,"0208","Barcelona Comarques","03","Alt Penedès","2","0","5","2","0","5","7","7"
"081477","Olesa de Montserrat",,,"0308","Baix Llobregat","11","Baix Llobregat","41","4","72","38","4","69","117","111"
"081496","Olost",,,"1060","Catalunya Central","24","Osona","1","0","0","0","0","0","1","0"
"081537","Òrrius",,,"0508","Maresme - Vallès Oriental","21","Maresme","4","0","11","0","0","0","15","0"
"081542","Pacs del Penedès",,,"0208","Barcelona Comarques","03","Alt Penedès","1","0","0","1","0","0","1","1"
"081555","Palafolls",,,"0508","Maresme - Vallès Oriental","21","Maresme","12","0","16","4","0","3","28","7"
"081568","Palau-solità i Plegamans",,,"0408","Vallès Occidental","40","Vallès Occidental","9","0","18","6","0","17","27","23"
"081574","Pallejà",,,"0308","Baix Llobregat","11","Baix Llobregat","28","0","71","28","0","70","99","98"
"081593","Parets del Vallès",,,"0508","Maresme - Vallès Oriental","41","Vallès Oriental","14","0","32","3","0","8","46","11"
"081607","Perafita",,,"1060","Catalunya Central","24","Osona","1","0","0","1","0","0","1","1"
"081614","Piera",,,"1060","Catalunya Central","06","Anoia","32","0","20","23","0","20","52","43"
"081629","Els Hostalets de Pierola",,,"1060","Catalunya Central","06","Anoia","3","0","0","2","0","0","3","2"
"081635","Pineda de Mar",,,"0508","Maresme - Vallès Oriental","21","Maresme","69","29","217","37","13","112","315","162"
"081653","La Pobla de Claramunt",,,"1060","Catalunya Central","06","Anoia","2","0","0","2","0","0","2","2"
"081672","Polinyà",,,"0408","Vallès Occidental","40","Vallès Occidental","21","0","10","12","0","7","31","19"
"081691","El Prat de Llobregat",,,"0308","Baix Llobregat","11","Baix Llobregat","174","101","200","158","101","192","475","451"
"081712","Prats de Lluçanès",,,"1060","Catalunya Central","24","Osona","2","0","0","2","0","0","2","2"
"081727","Premià de Mar",,,"0508","Maresme - Vallès Oriental","21","Maresme","21","0","100","9","0","12","121","21"
"081799","Rellinars",,,"0408","Vallès Occidental","40","Vallès Occidental","0","0","1","0","0","1","1","1"
"081803","Ripollet",,,"0408","Vallès Occidental","40","Vallès Occidental","55","0","50","39","0","29","105","68"
"081810","La Roca del Vallès",,,"0508","Maresme - Vallès Oriental","41","Vallès Oriental","13","0","55","0","0","16","68","16"
"081825","El Pont de Vilomara i Rocafort",,,"1060","Catalunya Central","07","Bages","3","0","2","3","0","2","5","5"
"081831","Roda de Ter",,,"1060","Catalunya Central","24","Osona","7","0","10","5","0","10","17","15"
"081846","Rubí",,,"0408","Vallès Occidental","40","Vallès Occidental","95","0","209","75","0","201","304","276"
"081878","Sabadell",,,"0408","Vallès Occidental","40","Vallès Occidental","519","296","100","406","285","93","915","784"
"081918","Sallent",,,"1060","Catalunya Central","07","Bages","1","0","0","1","0","0","1","1"
"081923","Santpedor",,,"1060","Catalunya Central","07","Bages","1","0","1","1","0","1","2","2"
"081939","Sant Iscle de Vallalta",,,"0508","Maresme - Vallès Oriental","21","Maresme","0","0","3","0","0","3","3","3"
"081944","Sant Adrià de Besòs",,,"0208","Barcelona Comarques","13","Barcelonès","36","30","20","23","14","10","86","47"
"081960","Sant Andreu de la Barca",,,"0308","Baix Llobregat","11","Baix Llobregat","49","0","121","35","0","110","170","145"
"081976","Sant Andreu de Llavaneres",,,"0508","Maresme - Vallès Oriental","21","Maresme","3","0","4","1","0","3","7","4"
"081982","Sant Antoni de Vilamajor",,,"0508","Maresme - Vallès Oriental","41","Vallès Oriental","0","0","8","0","0","2","8","2"
"082009","Sant Boi de Llobregat",,,"0308","Baix Llobregat","11","Baix Llobregat","141","65","255","98","52","75","461","225"
"082016","Sant Boi de Lluçanès",,,"1060","Catalunya Central","24","Osona","2","0","0","2","0","0","2","2"
"082021","Sant Celoni",,,"0508","Maresme - Vallès Oriental","41","Vallès Oriental","19","0","15","16","0","18","34","34"
"082037","Sant Cebrià de Vallalta",,,"0508","Maresme - Vallès Oriental","21","Maresme","5","0","6","3","0","0","11","3"
"082042","Sant Climent de Llobregat",,,"0308","Baix Llobregat","11","Baix Llobregat","3","0","11","0","0","0","14","0"
"082055","Sant Cugat del Vallès",,,"0408","Vallès Occidental","40","Vallès Occidental","57","0","30","43","0","18","87","61"
"082074","Sant Esteve de Palautordera",,,"0508","Maresme - Vallès Oriental","41","Vallès Oriental","3","0","9","1","0","2","12","3"
"082080","Sant Esteve Sesrovires",,,"0308","Baix Llobregat","11","Baix Llobregat","9","0","8","4","0","4","17","8"
"082093","Sant Fost de Campsentelles",,,"0508","Maresme - Vallès Oriental","41","Vallès Oriental","6","0","14","4","0","3","20","7"
"082107","Sant Feliu de Codines",,,"0508","Maresme - Vallès Oriental","41","Vallès Oriental","2","0","9","0","0","8","11","8"
"082114","Sant Feliu de Llobregat",,,"0308","Baix Llobregat","11","Baix Llobregat","75","0","89","69","0","58","164","127"
"082129","Sant Feliu Sasserra",,,"1060","Catalunya Central","07","Bages","1","0","0","1","0","0","1","1"
"082135","Sant Fruitós de Bages",,,"1060","Catalunya Central","07","Bages","10","0","11","8","0","8","21","16"
"082140","Vilassar de Dalt",,,"0508","Maresme - Vallès Oriental","21","Maresme","2","0","6","1","0","0","8","1"
"082153","Sant Hipòlit de Voltregà",,,"1060","Catalunya Central","24","Osona","3","0","4","3","0","4","7","7"
"082172","Sant Joan Despí",,,"0308","Baix Llobregat","11","Baix Llobregat","55","52","107","34","52","53","214","139"
"082188","Sant Joan de Vilatorrada",,,"1060","Catalunya Central","07","Bages","14","0","14","3","0","8","28","11"
"082191","Vilassar de Mar",,,"0508","Maresme - Vallès Oriental","21","Maresme","11","0","90","1","0","7","101","8"
"082212","Sant Just Desvern",,,"0308","Baix Llobregat","11","Baix Llobregat","13","0","14","11","0","6","27","17"
"082227","Sant Llorenç d'Hortons",,,"0208","Barcelona Comarques","03","Alt Penedès","1","0","0","1","0","0","1","1"
"082270","Sant Martí Sarroca",,,"0208","Barcelona Comarques","03","Alt Penedès","6","0","2","6","0","1","8","7"
"082303","Premià de Dalt",,,"0508","Maresme - Vallès Oriental","21","Maresme","19","0","49","5","0","9","68","14"
"082310","Sant Pere de Ribes",,,"0208","Barcelona Comarques","17","Garraf","32","0","19","30","0","19","51","49"
"082346","Sant Pere de Vilamajor",,,"0508","Maresme - Vallès Oriental","41","Vallès Oriental","3","0","12","2","0","10","15","12"
"082359","Sant Pol de Mar",,,"0508","Maresme - Vallès Oriental","21","Maresme","6","0","24","1","0","7","30","8"
"082362","Sant Quintí de Mediona",,,"0208","Barcelona Comarques","03","Alt Penedès","5","0","5","5","0","5","10","10"
"082378","Sant Quirze de Besora",,,"1060","Catalunya Central","24","Osona","5","0","5","1","0","1","10","2"
"082384","Sant Quirze del Vallès",,,"0408","Vallès Occidental","40","Vallès Occidental","2","0","0","2","0","0","2","2"
"082401","Sant Sadurní d'Anoia",,,"0208","Barcelona Comarques","03","Alt Penedès","1","0","0","1","0","0","1","1"
"082444","Santa Coloma de Cervelló",,,"0308","Baix Llobregat","11","Baix Llobregat","5","0","11","4","0","6","16","10"
"082457","Santa Coloma de Gramenet",,,"0208","Barcelona Comarques","13","Barcelonès","301","151","230","215","48","68","682","331"
"082482","Santa Eulàlia de Ronçana",,,"0508","Maresme - Vallès Oriental","41","Vallès Oriental","5","0","20","3","0","12","25","15"
"082508","Santa Margarida de Montbui",,,"1060","Catalunya Central","06","Anoia","36","35","1","34","30","1","72","65"
"082515","Santa Margarida i els Monjos",,,"0208","Barcelona Comarques","03","Alt Penedès","21","0","3","9","0","3","24","12"
"082520","Barberà del Vallès",,,"0408","Vallès Occidental","40","Vallès Occidental","29","0","7","16","0","7","36","23"
"082541","L'Esquirol",,,"1060","Catalunya Central","24","Osona","3","0","1","0","0","0","4","0"
"082592","Santa Maria de Palautordera",,,"0508","Maresme - Vallès Oriental","41","Vallès Oriental","20","0","34","15","0","32","54","47"
"082606","Santa Perpètua de Mogoda",,,"0408","Vallès Occidental","40","Vallès Occidental","22","0","40","13","0","34","62","47"
"082613","Santa Susanna",,,"0508","Maresme - Vallès Oriental","21","Maresme","0","0","3","0","0","1","3","1"
"082628","Sant Vicenç de Castellet",,,"1060","Catalunya Central","07","Bages","19","0","9","14","0","8","28","22"
"082634","Sant Vicenç dels Horts",,,"0308","Baix Llobregat","11","Baix Llobregat","73","44","63","53","24","45","180","122"
"082649","Sant Vicenç de Montalt",,,"0508","Maresme - Vallès Oriental","21","Maresme","7","0","12","5","0","3","19","8"
"082665","Cerdanyola del Vallès",,,"0408","Vallès Occidental","40","Vallès Occidental","37","0","42","24","0","27","79","51"
"082671","Sentmenat",,,"0408","Vallès Occidental","40","Vallès Occidental","0","0","0","0","0","0","0","0"
"082732","Subirats",,,"0208","Barcelona Comarques","03","Alt Penedès","1","0","0","1","0","0","1","1"
"082747","Súria",,,"1060","Catalunya Central","07","Bages","7","0","5","6","0","5","12","11"
"082785","Taradell",,,"1060","Catalunya Central","24","Osona","7","0","4","7","0","4","11","11"
"082798","Terrassa",,,"0408","Vallès Occidental","40","Vallès Occidental","476","297","98","335","263","102","871","700"
"082819","Teià",,,"0508","Maresme - Vallès Oriental","21","Maresme","1","0","15","0","0","2","16","2"
"082824","Tiana",,,"0508","Maresme - Vallès Oriental","21","Maresme","10","0","5","6","0","1","15","7"
"082830","Tona",,,"1060","Catalunya Central","24","Osona","5","0","6","1","0","3","11","4"
"082845","Tordera",,,"0508","Maresme - Vallès Oriental","21","Maresme","41","0","55","27","0","38","96","65"
"082858","Torelló",,,"1060","Catalunya Central","24","Osona","19","0","9","16","0","9","28","25"
"082883","Torrelles de Foix",,,"0208","Barcelona Comarques","03","Alt Penedès","4","16","0","4","11","0","20","15"
"082896","Torrelles de Llobregat",,,"0308","Baix Llobregat","11","Baix Llobregat","5","0","8","0","0","8","13","8"
"082900","Ullastrell",,,"0408","Vallès Occidental","40","Vallès Occidental","1","0","0","0","0","0","1","0"
"082917","Vacarisses",,,"0408","Vallès Occidental","40","Vallès Occidental","0","0","4","0","0","6","4","6"
"082922","Vallbona d'Anoia",,,"1060","Catalunya Central","06","Anoia","0","0","0","0","0","1","0","1"
"082938","Vallcebre",,,"1060","Catalunya Central","14","Berguedà","1","0","0","1","0","0","1","1"
"082943","Vallgorguina",,,"0508","Maresme - Vallès Oriental","41","Vallès Oriental","0","0","3","0","0","1","3","1"
"082956","Vallirana",,,"0308","Baix Llobregat","11","Baix Llobregat","5","0","24","1","0","18","29","19"
"082969","Vallromanes",,,"0508","Maresme - Vallès Oriental","41","Vallès Oriental","1","0","2","1","0","0","3","1"
"082981","Vic",,,"1060","Catalunya Central","24","Osona","101","48","76","88","40","73","225","201"
"083008","Viladecavalls",,,"0408","Vallès Occidental","40","Vallès Occidental","4","0","1","3","0","0","5","3"
"083015","Viladecans",,,"0308","Baix Llobregat","11","Baix Llobregat","69","15","168","36","2","73","252","111"
"083020","Vilanova del Camí",,,"1060","Catalunya Central","06","Anoia","10","0","8","8","0","7","18","15"
"083054","Vilafranca del Penedès",,,"0208","Barcelona Comarques","03","Alt Penedès","49","20","59","44","12","36","128","92"
"083067","Vilalba Sasserra",,,"0508","Maresme - Vallès Oriental","41","Vallès Oriental","1","0","6","1","0","5","7","6"
"083073","Vilanova i la Geltrú",,,"0208","Barcelona Comarques","17","Garraf","93","0","68","75","0","33","161","108"
"089024","Vilanova del Vallès",,,"0508","Maresme - Vallès Oriental","41","Vallès Oriental","4","0","14","2","0","8","18","10"
"089045","Badia del Vallès",,,"0408","Vallès Occidental","40","Vallès Occidental","47","66","18","30","52","15","131","97"
"089058","La Palma de Cervelló",,,"0308","Baix Llobregat","11","Baix Llobregat","4","0","1","4","0","1","5","5"
"170010","Agullana",,,"0117","Girona","02","Alt Empordà","1","0","0","1","0","0","1","1"
"170031","Beuda",,,"0117","Girona","02","Alt Empordà","0","0","0","0","0","0","0","0"
"170078","Amer",,,"0117","Girona","34","Selva","0","0","15","0","0","1","15","1"
"170084","Anglès",,,"0117","Girona","34","Selva","2","0","16","4","0","22","18","26"
"170097","Arbúcies",,,"0117","Girona","34","Selva","28","0","2","8","0","2","30","10"
"170101","Argelaguer",,,"0117","Girona","19","Garrotxa","0","0","1","0","0","1","1","1"
"170118","L'Armentera",,,"0117","Girona","02","Alt Empordà","0","0","4","0","0","2","4","2"
"170139","Begur",,,"0117","Girona","10","Baix Empordà","1","0","4","1","0","3","5","4"
"170157","Banyoles",,,"0117","Girona","28","Pla de l'Estany","45","0","115","24","0","59","160","83"
"170195","Besalú",,,"0117","Girona","19","Garrotxa","0","0","2","0","0","2","2","2"
"170209","Bescanó",,,"0117","Girona","20","Gironès","2","0","4","2","0","3","6","5"
"170221","La Bisbal d'Empordà",,,"0117","Girona","10","Baix Empordà","22","7","26","14","4","17","55","35"
"170237","Blanes",,,"0117","Girona","34","Selva","96","4","110","34","3","64","210","101"
"170255","Bordils",,,"0117","Girona","20","Gironès","4","0","2","2","0","2","6","4"
"170307","Cabanes",,,"0117","Girona","02","Alt Empordà","0","0","1","0","0","0","1","0"
"170329","Cadaqués",,,"0117","Girona","02","Alt Empordà","14","0","0","8","0","0","14","8"
"170335","Caldes de Malavella",,,"0117","Girona","34","Selva","12","0","25","8","0","16","37","24"
"170340","Calonge",,,"0117","Girona","10","Baix Empordà","11","0","19","6","0","1","30","7"
"170366","Campdevànol",,,"0117","Girona","31","Ripollès","0","0","3","0","0","3","3","3"
"170391","Camprodon",,,"0117","Girona","31","Ripollès","2","0","4","0","0","3","6","3"
"170448","Cassà de la Selva",,,"0117","Girona","20","Gironès","17","0","40","15","0","19","57","34"
"170470","Castelló d'Empúries",,,"0117","Girona","02","Alt Empordà","31","0","50","16","0","16","81","32"
"170486","Castell-Platja d'Aro",,,"0117","Girona","10","Baix Empordà","24","0","26","17","0","18","50","35"
"170499","Celrà",,,"0117","Girona","20","Gironès","13","0","16","4","0","11","29","15"
"170545","Colera",,,"0117","Girona","02","Alt Empordà","0","0","3","0","0","0","3","0"
"170622","L'Escala",,,"0117","Girona","02","Alt Empordà","22","0","44","12","0","17","66","29"
"170643","Espolla",,,"0117","Girona","02","Alt Empordà","1","0","0","1","0","0","1","1"
"170669","Figueres",,,"0117","Girona","02","Alt Empordà","133","79","69","93","55","48","281","196"
"170675","Flaçà",,,"0117","Girona","20","Gironès","2","0","0","2","0","0","2","2"
"170715","Fontcoberta",,,"0117","Girona","28","Pla de l'Estany","1","0","0","1","0","0","1","1"
"170736","Fornells de la Selva",,,"0117","Girona","20","Gironès","1","0","3","1","0","1","4","2"
"170741","Fortià",,,"0117","Girona","02","Alt Empordà","0","0","9","0","0","0","9","0"
"170773","Garriguella",,,"0117","Girona","02","Alt Empordà","4","0","6","4","0","6","10","10"
"170789","Ger",,,"0117","Girona","15","Cerdanya","0","0","2","0","0","0","2","0"
"170792","Girona",,,"0117","Girona","20","Gironès","201","79","255","110","39","185","535","334"
"170834","Hostalric",,,"0117","Girona","34","Selva","17","0","19","13","0","14","36","27"
"170865","La Jonquera",,,"0117","Girona","02","Alt Empordà","9","0","9","4","0","3","18","7"
"170890","Llagostera",,,"0117","Girona","20","Gironès","40","0","68","24","0","42","108","66"
"170911","Llanars",,,"0117","Girona","31","Ripollès","1","0","1","1","0","1","2","2"
"170926","Llançà",,,"0117","Girona","02","Alt Empordà","3","0","0","3","0","0","3","3"
"170950","Lloret de Mar",,,"0117","Girona","34","Selva","99","54","98","62","17","85","251","164"
"171030","Maçanet de la Selva",,,"0117","Girona","34","Selva","6","25","0","3","10","0","31","13"
"171096","Montagut i Oix",,,"0117","Girona","19","Garrotxa","0","0","1","0","0","1","1","1"
"171100","Mont-ras",,,"0117","Girona","10","Baix Empordà","3","0","5","3","0","5","8","8"
"171117","Navata",,,"0117","Girona","02","Alt Empordà","0","0","0","0","0","0","0","0"
"171122","Ogassa",,,"0117","Girona","31","Ripollès","0","0","2","0","0","0","2","0"
"171143","Olot",,,"0117","Girona","19","Garrotxa","69","7","29","70","0","9","105","79"
"171175","Palafrugell",,,"0117","Girona","10","Baix Empordà","51","132","20","38","110","21","203","169"
"171181","Palamós",,,"0117","Girona","10","Baix Empordà","33","0","31","33","0","41","64","74"
"171208","Palau-saverdera",,,"0117","Girona","02","Alt Empordà","1","0","1","1","0","1","2","2"
"171328","Peralada",,,"0117","Girona","02","Alt Empordà","4","0","1","1","0","1","5","2"
"171334","Les Planes d'Hostoles",,,"0117","Girona","19","Garrotxa","2","0","0","2","0","0","2","2"
"171352","Pont de Molins",,,"0117","Girona","02","Alt Empordà","0","0","1","0","0","1","1","1"
"171371","Porqueres",,,"0117","Girona","28","Pla de l'Estany","2","0","7","2","0","7","9","9"
"171387","Portbou",,,"0117","Girona","02","Alt Empordà","1","0","4","1","0","4","5","5"
"171404","El Port de la Selva",,,"0117","Girona","02","Alt Empordà","1","0","2","1","0","2","3","3"
"171411","Puigcerdà",,,"0117","Girona","15","Cerdanya","17","0","33","19","0","10","50","29"
"171426","Quart",,,"0117","Girona","20","Gironès","1","0","2","1","0","2","3","3"
"171450","Ribes de Freser",,,"0117","Girona","31","Ripollès","3","0","6","3","0","3","9","6"
"171463","Riells i Viabrea",,,"0117","Girona","34","Selva","4","0","1","3","0","1","5","4"
"171479","Ripoll",,,"0117","Girona","31","Ripollès","5","0","15","7","0","8","20","15"
"171485","Riudarenes",,,"0117","Girona","34","Selva","0","0","10","0","0","9","10","9"
"171501","Riudellots de la Selva",,,"0117","Girona","34","Selva","0","0","2","0","0","2","2","2"
"171523","Roses",,,"0117","Girona","02","Alt Empordà","56","24","40","28","5","17","120","50"
"171557","Salt",,,"0117","Girona","20","Gironès","156","111","0","105","92","10","267","207"
"171582","Sant Climent Sescebes",,,"0117","Girona","02","Alt Empordà","1","0","3","1","0","3","4","4"
"171609","Sant Feliu de Guíxols",,,"0117","Girona","10","Baix Empordà","74","0","55","38","0","46","129","84"
"171616","Sant Feliu de Pallerols",,,"0117","Girona","19","Garrotxa","0","0","5","0","0","4","5","4"
"171637","Sant Gregori",,,"0117","Girona","20","Gironès","0","0","2","0","0","2","2","2"
"171642","Sant Hilari Sacalm",,,"0117","Girona","34","Selva","4","0","24","4","0","11","28","15"
"171655","Sant Jaume de Llierca",,,"0117","Girona","19","Garrotxa","2","0","4","1","0","0","6","1"
"171668","Sant Jordi Desvalls",,,"0117","Girona","20","Gironès","0","0","0","0","0","0","0","0"
"171674","Sant Joan de les Abadesses",,,"0117","Girona","31","Ripollès","2","0","14","2","0","14","16","16"
"171693","Sant Julià de Ramis",,,"0117","Girona","20","Gironès","2","0","8","0","0","2","10","2"
"171753","Sant Miquel de Fluvià",,,"0117","Girona","02","Alt Empordà","1","1","0","1","1","0","2","2"
"171788","Sant Pere Pescador",,,"0117","Girona","02","Alt Empordà","7","0","0","7","0","0","7","7"
"171805","Santa Coloma de Farners",,,"0117","Girona","34","Selva","15","0","27","8","0","19","42","27"
"171812","Santa Cristina d'Aro",,,"0117","Girona","10","Baix Empordà","2","0","5","2","0","5","7","7"
"171864","Sarrià de Ter",,,"0117","Girona","20","Gironès","2","0","15","0","0","3","17","3"
"171870","Saus, Camallera i Llampaies",,,"0117","Girona","02","Alt Empordà","0","0","3","0","0","3","3","3"
"171899","La Cellera de Ter",,,"0117","Girona","34","Selva","0","0","6","0","0","6","6","6"
"171903","Serinyà",,,"0117","Girona","28","Pla de l'Estany","0","0","0","0","0","0","0","0"
"171931","Sils",,,"0117","Girona","34","Selva","19","0","25","17","0","25","44","42"
"171997","Torroella de Montgrí",,,"0117","Girona","10","Baix Empordà","13","48","19","10","48","13","80","71"
"172023","Tossa de Mar",,,"0117","Girona","34","Selva","3","0","24","3","0","19","27","22"
"172044","Ullà",,,"0117","Girona","10","Baix Empordà","2","0","0","2","0","0","2","2"
"172076","La Vall d'en Bas",,,"0117","Girona","19","Garrotxa","1","0","5","0","0","0","6","0"
"172109","Ventalló",,,"0117","Girona","02","Alt Empordà","0","0","3","0","0","3","3","3"
"172116","Verges",,,"0117","Girona","10","Baix Empordà","1","0","13","0","0","5","14","5"
"172137","Vidreres",,,"0117","Girona","34","Selva","24","0","11","17","0","10","35","27"
"172155","Vilablareix",,,"0117","Girona","20","Gironès","4","0","11","4","0","5","15","9"
"172180","Vilademuls",,,"0117","Girona","28","Pla de l'Estany","1","0","1","0","0","0","2","0"
"172214","Vilafant",,,"0117","Girona","02","Alt Empordà","8","0","11","7","0","11","19","18"
"172253","Vilamacolum",,,"0117","Girona","02","Alt Empordà","0","0","1","0","0","1","1","1"
"172266","Vilamalla",,,"0117","Girona","02","Alt Empordà","1","0","0","1","0","0","1","1"
"172333","Vilobí d'Onyar",,,"0117","Girona","34","Selva","3","0","16","1","0","13","19","14"
"179011","Cruïlles, Monells i Sant Sadurní l'Heura",,,"0117","Girona","10","Baix Empordà","0","0","2","0","0","2","2","2"
"179026","Forallac",,,"0117","Girona","10","Baix Empordà","0","0","3","0","0","3","3","3"
"179032","Sant Julià del Llor i Bonmatí",,,"0117","Girona","34","Selva","2","0","5","2","0","5","7","7"
"250024","Àger",,,"0125","Lleida","23","Noguera","1","0","0","0","0","0","1","0"
"250030","Agramunt",,,"0125","Lleida","38","Urgell","13","0","22","13","0","22","35","35"
"250045","Els Alamús",,,"0125","Lleida","33","Segrià","0","0","2","0","0","1","2","1"
"250058","Alàs i Cerc",,,"0125","Lleida","04","Alt Urgell","0","0","2","0","0","2","2","2"
"250061","L'Albagés",,,"0125","Lleida","18","Garrigues","0","0","4","0","0","0","4","0"
"250077","Albatàrrec",,,"0125","Lleida","33","Segrià","2","0","4","1","0","4","6","5"
"250083","Albesa",,,"0125","Lleida","23","Noguera","4","0","7","0","0","4","11","4"
"250096","L'Albi",,,"0125","Lleida","18","Garrigues","2","0","0","1","0","0","2","1"
"250117","Alcarràs",,,"0125","Lleida","33","Segrià","29","1","12","27","1","12","42","40"
"250122","Alcoletge",,,"0125","Lleida","33","Segrià","6","0","19","3","0","19","25","22"
"250138","Alfarràs",,,"0125","Lleida","33","Segrià","4","0","0","2","0","0","4","2"
"250169","Alguaire",,,"0125","Lleida","33","Segrià","2","0","0","2","0","0","2","2"
"250194","Almacelles",,,"0125","Lleida","33","Segrià","14","0","37","12","0","33","51","45"
"250215","Almenar",,,"0125","Lleida","33","Segrià","6","0","22","5","0","18","28","23"
"250236","Alpicat",,,"0125","Lleida","33","Segrià","7","0","7","7","0","6","14","13"
"250273","Anglesola",,,"0125","Lleida","38","Urgell","5","0","6","5","0","6","11","11"
"250292","Arbeca",,,"0125","Lleida","18","Garrigues","2","0","8","1","0","1","10","2"
"250334","Artesa de Lleida",,,"0125","Lleida","33","Segrià","1","0","6","1","0","4","7","5"
"250349","Artesa de Segre",,,"0125","Lleida","23","Noguera","19","0","8","18","0","8","27","26"
"250352","La Sentiu de Sió",,,"0125","Lleida","23","Noguera","0","0","0","0","0","0","0","0"
"250387","Aitona",,,"0125","Lleida","33","Segrià","8","0","0","7","0","0","8","7"
"250404","Balaguer",,,"0125","Lleida","23","Noguera","71","12","103","53","12","89","186","154"
"250411","Barbens",,,"0125","Lleida","27","Pla d'Urgell","0","0","2","0","0","2","2","2"
"250463","Belianes",,,"0125","Lleida","38","Urgell","0","0","3","0","0","1","3","1"
"250479","Bellcaire d'Urgell",,,"0125","Lleida","23","Noguera","6","0","14","2","0","7","20","9"
"250498","Bellmunt d'Urgell",,,"0125","Lleida","23","Noguera","1","0","2","1","0","1","3","2"
"250501","Bellpuig",,,"0125","Lleida","38","Urgell","6","0","0","6","0","0","6","6"
"250518","Bellver de Cerdanya",,,"0125","Lleida","15","Cerdanya","1","0","0","1","0","0","1","1"
"250523","Bellvís",,,"0125","Lleida","27","Pla d'Urgell","1","0","3","1","0","3","4","4"
"250582","Les Borges Blanques",,,"0125","Lleida","18","Garrigues","10","0","17","8","0","13","27","21"
"250595","Bossòst",,,"0125","Lleida","39","Val d'Aran","0","0","2","0","0","1","2","1"
"250674","Castelldans",,,"0125","Lleida","18","Garrigues","0","0","6","0","0","4","6","4"
"250680","Castellnou de Seana",,,"0125","Lleida","27","Pla d'Urgell","1","0","2","1","0","2","3","3"
"250693","Castelló de Farfanya",,,"0125","Lleida","23","Noguera","1","0","1","1","0","1","2","2"
"250707","Castellserà",,,"0125","Lleida","38","Urgell","0","0","12","0","0","7","12","7"
"250729","Cervera",,,"0125","Lleida","32","Segarra","31","0","12","22","0","6","43","28"
"250735","Cervià de les Garrigues",,,"0125","Lleida","18","Garrigues","3","0","2","2","0","2","5","4"
"250772","Coll de Nargó",,,"0125","Lleida","04","Alt Urgell","2","0","1","2","0","0","3","2"
"250788","Corbins",,,"0125","Lleida","33","Segrià","2","0","3","1","0","1","5","2"
"250791","Cubells",,,"0125","Lleida","23","Noguera","0","0","1","0","0","1","1","1"
"250864","Esterri d'Àneu",,,"0125","Lleida","26","Pallars Sobirà","4","0","0","4","0","0","4","4"
"250962","La Fuliola",,,"0125","Lleida","38","Urgell","5","0","1","4","0","1","6","5"
"250997","Golmés",,,"0125","Lleida","27","Pla d'Urgell","4","0","0","2","0","0","4","2"
"251018","La Granadella",,,"0125","Lleida","18","Garrigues","1","0","1","0","0","1","2","1"
"251023","La Granja d'Escarp",,,"0125","Lleida","33","Segrià","3","0","2","1","0","2","5","3"
"251109","Guissona",,,"0125","Lleida","32","Segarra","5","0","10","1","0","21","15","22"
"251121","Ivars de Noguera",,,"0125","Lleida","23","Noguera","0","0","3","0","0","3","3","3"
"251137","Ivars d'Urgell",,,"0125","Lleida","27","Pla d'Urgell","0","0","7","0","0","1","7","1"
"251155","Isona i Conca Dellà",,,"0125","Lleida","25","Pallars Jussà","2","0","1","2","0","1","3","3"
"251180","Juncosa",,,"0125","Lleida","18","Garrigues","0","0","1","0","0","1","1","1"
"251193","Juneda",,,"0125","Lleida","18","Garrigues","2","0","7","1","0","7","9","8"
"251207","Lleida",,,"0125","Lleida","33","Segrià","398","217","391","295","173","341","1.006","809"
"251214","Les",,,"0125","Lleida","39","Val d'Aran","0","0","0","0","0","0","0","0"
"251229","Linyola",,,"0125","Lleida","27","Pla d'Urgell","1","0","12","0","0","12","13","12"
"251266","Llavorsí",,,"0125","Lleida","26","Pallars Sobirà","1","0","2","1","0","2","3","3"
"251312","Massalcoreig",,,"0125","Lleida","33","Segrià","1","0","5","1","0","5","6","6"
"251333","Maials",,,"0125","Lleida","33","Segrià","0","0","2","0","0","2","2","2"
"251351","Miralcamp",,,"0125","Lleida","27","Pla d'Urgell","2","0","4","2","0","4","6","6"
"251370","Mollerussa",,,"0125","Lleida","27","Pla d'Urgell","57","38","22","50","32","37","117","119"
"251386","Montgai",,,"0125","Lleida","23","Noguera","0","0","2","0","0","2","2","2"
"251399","Montellà i Martinet",,,"0125","Lleida","15","Cerdanya","2","0","2","2","0","2","4","4"
"251403","Montferrer i Castellbò",,,"0125","Lleida","04","Alt Urgell","1","0","3","1","0","1","4","2"
"251462","Navès",,,"1060","Catalunya Central","35","Solsonès","2","0","0","2","0","0","2","2"
"251556","Organyà",,,"0125","Lleida","04","Alt Urgell","1","0","1","0","0","0","2","0"
"251569","Os de Balaguer",,,"0125","Lleida","23","Noguera","0","0","2","0","0","2","2","2"
"251581","El Palau d'Anglesola",,,"0125","Lleida","27","Pla d'Urgell","3","0","7","2","0","5","10","7"
"251641","Penelles",,,"0125","Lleida","23","Noguera","2","0","0","2","0","0","2","2"
"251706","Bellaguarda",,,"0125","Lleida","18","Garrigues","1","0","3","1","0","3","4","4"
"251713","La Pobla de Segur",,,"0125","Lleida","25","Pallars Jussà","3","0","25","5","0","27","28","32"
"251728","Ponts",,,"0125","Lleida","23","Noguera","6","0","8","0","0","0","14","0"
"251734","El Pont de Suert",,,"0125","Lleida","05","Alta Ribagorça","12","0","1","7","0","1","13","8"
"251804","Puiggròs",,,"0125","Lleida","18","Garrigues","1","0","6","0","0","4","7","4"
"251826","Puigverd de Lleida",,,"0125","Lleida","33","Segrià","1","0","5","1","0","5","6","6"
"251832","Rialp",,,"0125","Lleida","26","Pallars Sobirà","2","0","2","2","0","2","4","4"
"251898","Rosselló",,,"0125","Lleida","33","Segrià","2","0","17","2","0","11","19","13"
"251924","Sant Guim de Freixenet",,,"0125","Lleida","32","Segarra","0","0","4","0","0","0","4","0"
"252038","La Seu d'Urgell",,,"0125","Lleida","04","Alt Urgell","20","0","49","14","0","19","69","33"
"252043","Seròs",,,"0125","Lleida","33","Segrià","3","0","14","0","0","11","17","11"
"252056","Sidamon",,,"0125","Lleida","27","Pla d'Urgell","2","0","7","1","0","5","9","6"
"252069","El Soleràs",,,"0125","Lleida","18","Garrigues","0","0","3","0","0","3","3","3"
"252075","Solsona",,,"1060","Catalunya Central","35","Solsonès","10","0","9","9","0","9","19","18"
"252094","Sort",,,"0125","Lleida","26","Pallars Sobirà","16","0","21","11","0","13","37","24"
"252108","Soses",,,"0125","Lleida","33","Segrià","5","0","5","4","0","0","10","4"
"252120","Sunyer",,,"0125","Lleida","33","Segrià","1","0","1","1","0","1","2","2"
"252173","Tàrrega",,,"0125","Lleida","38","Urgell","35","0","40","31","0","39","75","70"
"252234","Torà",,,"0125","Lleida","32","Segarra","1","0","4","0","0","4","5","4"
"252265","Torrebesses",,,"0125","Lleida","33","Segrià","1","0","0","1","0","0","1","1"
"252271","La Torre de Cabdella",,,"0125","Lleida","25","Pallars Jussà","0","0","2","0","0","1","2","1"
"252287","Torrefarrera",,,"0125","Lleida","33","Segrià","18","0","23","8","0","10","41","18"
"252304","Torregrossa",,,"0125","Lleida","27","Pla d'Urgell","5","0","0","5","0","0","5","5"
"252326","Torres de Segre",,,"0125","Lleida","33","Segrià","1","0","9","1","0","9","10","10"
"252347","Tremp",,,"0125","Lleida","25","Pallars Jussà","12","0","7","5","0","7","19","12"
"252402","Vallfogona de Balaguer",,,"0125","Lleida","23","Noguera","2","0","9","2","0","2","11","4"
"252424","Verdú",,,"0125","Lleida","38","Urgell","2","0","0","1","0","0","2","1"
"252430","Vielha e Mijaran",,,"0125","Lleida","39","Val d'Aran","13","0","18","1","0","18","31","19"
"252458","Vilaller",,,"0125","Lleida","05","Alta Ribagorça","0","0","1","0","0","1","1","1"
"252509","Vilanova de Meià",,,"0125","Lleida","23","Noguera","0","0","3","0","0","3","3","3"
"259101","Josa i Tuixén",,,"0125","Lleida","04","Alt Urgell","0","0","1","0","0","1","1","1"
"259123","Gimenells i el Pla de la Font",,,"0125","Lleida","33","Segrià","1","0","1","0","0","0","2","0"
"430017","Aiguamúrcia",,,"0143","Tarragona","01","Alt Camp","3","0","1","1","0","1","4","2"
"430022","Albinyana",,,"0143","Tarragona","12","Baix Penedès","0","0","4","0","0","2","4","2"
"430043","Alcanar",,,"0243","Terres de l'Ebre","22","Montsià","9","0","8","0","0","0","17","0"
"430056","Alcover",,,"0143","Tarragona","01","Alt Camp","2","0","4","0","0","2","6","2"
"430069","Aldover",,,"0243","Terres de l'Ebre","09","Baix Ebre","1","0","1","1","0","1","2","2"
"430094","Alforja",,,"0143","Tarragona","08","Baix Camp","2","0","0","2","0","0","2","2"
"430115","Almoster",,,"0143","Tarragona","08","Baix Camp","1","0","0","1","0","0","1","1"
"430120","Altafulla",,,"0143","Tarragona","36","Tarragonès","8","0","7","8","0","7","15","15"
"430136","L'Ametlla de Mar",,,"0243","Terres de l'Ebre","09","Baix Ebre","12","0","12","11","0","11","24","22"
"430141","Amposta",,,"0243","Terres de l'Ebre","22","Montsià","43","0","209","25","0","102","252","127"
"430167","L'Arboç",,,"0143","Tarragona","12","Baix Penedès","18","0","15","7","0","20","33","27"
"430189","Arnes",,,"0243","Terres de l'Ebre","37","Terra Alta","0","0","1","0","0","1","1","1"
"430192","Ascó",,,"0243","Terres de l'Ebre","30","Ribera d'Ebre","4","0","10","3","0","2","14","5"
"430206","Banyeres del Penedès",,,"0143","Tarragona","12","Baix Penedès","4","0","2","2","0","2","6","4"
"430249","Bellvei",,,"0143","Tarragona","12","Baix Penedès","5","0","4","2","0","2","9","4"
"430252","Benifallet",,,"0243","Terres de l'Ebre","09","Baix Ebre","1","0","0","0","0","1","1","1"
"430265","Benissanet",,,"0243","Terres de l'Ebre","30","Ribera d'Ebre","0","0","3","0","0","1","3","1"
"430287","La Bisbal del Penedès",,,"0143","Tarragona","12","Baix Penedès","8","0","4","3","0","2","12","5"
"430304","Bonastre",,,"0143","Tarragona","12","Baix Penedès","2","0","3","1","0","1","5","2"
"430311","Les Borges del Camp",,,"0143","Tarragona","08","Baix Camp","13","0","9","7","0","2","22","9"
"430326","Bot",,,"0243","Terres de l'Ebre","37","Terra Alta","0","0","1","0","0","1","1","1"
"430363","Cabra del Camp",,,"0143","Tarragona","01","Alt Camp","0","0","2","0","0","2","2","2"
"430379","Calafell",,,"0143","Tarragona","12","Baix Penedès","85","0","50","50","0","43","135","93"
"430385","Cambrils",,,"0143","Tarragona","08","Baix Camp","66","0","19","52","0","19","85","71"
"430430","El Catllar",,,"0143","Tarragona","36","Tarragonès","0","0","2","0","0","2","2","2"
"430445","La Sénia",,,"0243","Terres de l'Ebre","22","Montsià","7","0","34","5","0","24","41","29"
"430477","Constantí",,,"0143","Tarragona","36","Tarragonès","50","15","0","50","15","0","65","65"
"430483","Corbera d'Ebre",,,"0243","Terres de l'Ebre","37","Terra Alta","1","0","2","1","0","2","3","3"
"430496","Cornudella de Montsant",,,"0143","Tarragona","29","Priorat","6","0","10","6","0","8","16","14"
"430509","Creixell",,,"0143","Tarragona","36","Tarragonès","9","0","10","6","0","7","19","13"
"430516","Cunit",,,"0143","Tarragona","12","Baix Penedès","29","0","22","18","0","21","51","39"
"430521","Xerta",,,"0243","Terres de l'Ebre","09","Baix Ebre","0","0","3","0","0","2","3","2"
"430542","L'Espluga de Francolí",,,"0143","Tarragona","16","Conca de Barberà","3","0","16","3","0","13","19","16"
"430555","Falset",,,"0143","Tarragona","29","Priorat","6","0","17","2","0","13","23","15"
"430607","Flix",,,"0243","Terres de l'Ebre","30","Ribera d'Ebre","8","0","22","8","0","22","30","30"
"430629","Freginals",,,"0243","Terres de l'Ebre","22","Montsià","0","0","1","0","0","1","1","1"
"430635","La Galera",,,"0243","Terres de l'Ebre","22","Montsià","1","0","3","1","0","3","4","4"
"430640","Gandesa",,,"0243","Terres de l'Ebre","37","Terra Alta","8","0","13","3","0","12","21","15"
"430653","Garcia",,,"0243","Terres de l'Ebre","30","Ribera d'Ebre","1","0","2","0","0","2","3","2"
"430672","Ginestar",,,"0243","Terres de l'Ebre","30","Ribera d'Ebre","3","0","0","1","0","0","3","1"
"430688","Godall",,,"0243","Terres de l'Ebre","22","Montsià","1","0","1","1","0","1","2","2"
"430764","Marçà",,,"0143","Tarragona","29","Priorat","1","0","0","1","0","0","1","1"
"430786","Masdenverge",,,"0243","Terres de l'Ebre","22","Montsià","0","0","0","0","0","0","0","0"
"430799","Masllorenç",,,"0143","Tarragona","12","Baix Penedès","2","0","1","3","0","1","3","4"
"430810","Maspujols",,,"0143","Tarragona","08","Baix Camp","1","0","2","1","0","2","3","3"
"430846","Miravet",,,"0243","Terres de l'Ebre","30","Ribera d'Ebre","0","0","7","0","0","3","7","3"
"430862","Montblanc",,,"0143","Tarragona","16","Conca de Barberà","20","0","22","14","0","20","42","34"
"430884","Montbrió del Camp",,,"0143","Tarragona","08","Baix Camp","6","0","3","6","0","3","9","9"
"430901","El Montmell",,,"0143","Tarragona","12","Baix Penedès","2","0","7","2","0","7","9","9"
"430923","Mont-roig del Camp",,,"0143","Tarragona","08","Baix Camp","51","2","16","39","2","16","69","57"
"430939","Móra d'Ebre",,,"0243","Terres de l'Ebre","30","Ribera d'Ebre","18","0","28","15","0","17","46","32"
"430944","Móra la Nova",,,"0243","Terres de l'Ebre","30","Ribera d'Ebre","5","0","33","5","0","31","38","36"
"430957","El Morell",,,"0143","Tarragona","36","Tarragonès","18","0","6","8","0","6","24","14"
"430976","La Nou de Gaià",,,"0143","Tarragona","36","Tarragonès","3","0","0","3","0","0","3","3"
"431009","Els Pallaresos",,,"0143","Tarragona","36","Tarragonès","1","0","3","0","0","1","4","1"
"431021","Paüls",,,"0243","Terres de l'Ebre","09","Baix Ebre","1","0","0","0","0","0","1","0"
"431042","El Perelló",,,"0243","Terres de l'Ebre","09","Baix Ebre","2","0","10","1","0","4","12","5"
"431068","El Pinell de Brai",,,"0243","Terres de l'Ebre","37","Terra Alta","0","0","2","0","0","2","2","2"
"431080","El Pla de Santa Maria",,,"0143","Tarragona","01","Alt Camp","6","0","1","3","0","0","7","3"
"431093","La Pobla de Mafumet",,,"0143","Tarragona","36","Tarragonès","4","0","9","1","0","4","13","5"
"431107","La Pobla de Massaluca",,,"0243","Terres de l'Ebre","37","Terra Alta","0","0","2","0","0","2","2","2"
"431114","La Pobla de Montornès",,,"0143","Tarragona","36","Tarragonès","6","0","3","6","0","3","9","9"
"431135","El Pont d'Armentera",,,"0143","Tarragona","01","Alt Camp","1","0","5","1","0","3","6","4"
"431166","Prades",,,"0143","Tarragona","08","Baix Camp","2","0","1","1","0","1","3","2"
"431191","Puigpelat",,,"0143","Tarragona","01","Alt Camp","2","0","3","0","0","3","5","3"
"431212","Rasquera",,,"0243","Terres de l'Ebre","30","Ribera d'Ebre","1","0","3","0","0","0","4","0"
"431233","Reus",,,"0143","Tarragona","08","Baix Camp","262","240","164","192","225","114","666","531"
"431248","La Riba",,,"0143","Tarragona","01","Alt Camp","1","0","2","1","0","2","3","3"
"431264","La Riera de Gaià",,,"0143","Tarragona","36","Tarragonès","3","0","2","1","0","1","5","2"
"431270","Riudecanyes",,,"0143","Tarragona","08","Baix Camp","2","0","5","2","0","5","7","7"
"431286","Riudecols",,,"0143","Tarragona","08","Baix Camp","4","0","3","4","0","3","7","7"
"431299","Riudoms",,,"0143","Tarragona","08","Baix Camp","12","0","3","5","0","2","15","7"
"431310","Roda de Berà",,,"0143","Tarragona","36","Tarragonès","6","0","3","6","0","1","9","7"
"431325","Rodonyà",,,"0143","Tarragona","01","Alt Camp","1","0","1","1","0","1","2","2"
"431331","Roquetes",,,"0243","Terres de l'Ebre","09","Baix Ebre","6","0","6","6","0","6","12","12"
"431359","Salomó",,,"0143","Tarragona","36","Tarragonès","7","0","4","1","0","3","11","4"
"431362","Sant Carles de la Ràpita",,,"0243","Terres de l'Ebre","22","Montsià","9","0","47","9","0","38","56","47"
"431378","Sant Jaume dels Domenys",,,"0143","Tarragona","12","Baix Penedès","5","0","1","1","0","1","6","2"
"431384","Santa Bàrbara",,,"0243","Terres de l'Ebre","22","Montsià","6","0","19","6","0","19","25","25"
"431397","Santa Coloma de Queralt",,,"0143","Tarragona","16","Conca de Barberà","7","0","1","5","0","1","8","6"
"431401","Santa Oliva",,,"0143","Tarragona","12","Baix Penedès","3","0","3","3","0","3","6","6"
"431423","Sarral",,,"0143","Tarragona","16","Conca de Barberà","4","0","0","4","0","0","4","4"
"431444","La Secuita",,,"0143","Tarragona","36","Tarragonès","4","0","0","3","0","0","4","3"
"431457","La Selva del Camp",,,"0143","Tarragona","08","Baix Camp","10","0","12","9","0","9","22","18"
"431482","Tarragona",,,"0143","Tarragona","36","Tarragonès","290","180","174","219","165","103","644","487"
"431495","Tivenys",,,"0243","Terres de l'Ebre","09","Baix Ebre","1","0","3","1","0","3","4","4"
"431508","Tivissa",,,"0243","Terres de l'Ebre","30","Ribera d'Ebre","1","0","7","0","0","3","8","3"
"431520","La Torre de l'Espanyol",,,"0243","Terres de l'Ebre","30","Ribera d'Ebre","1","0","3","0","0","3","4","3"
"431536","Torredembarra",,,"0143","Tarragona","36","Tarragonès","33","0","58","24","0","38","91","62"
"431554","Tortosa",,,"0243","Terres de l'Ebre","09","Baix Ebre","88","96","190","62","81","140","374","283"
"431567","Ulldecona",,,"0243","Terres de l'Ebre","22","Montsià","10","3","12","10","3","12","25","25"
"431573","Ulldemolins",,,"0143","Tarragona","29","Priorat","1","0","1","0","0","0","2","0"
"431606","Vallmoll",,,"0143","Tarragona","01","Alt Camp","1","0","0","1","0","0","1","1"
"431613","Valls",,,"0143","Tarragona","01","Alt Camp","47","9","30","31","7","21","86","59"
"431628","Vandellòs i l'Hospitalet de l'Infant",,,"0143","Tarragona","08","Baix Camp","14","0","8","12","0","8","22","20"
"431634","El Vendrell",,,"0143","Tarragona","12","Baix Penedès","87","21","61","63","24","42","169","129"
"431665","Vilallonga del Camp",,,"0143","Tarragona","36","Tarragonès","3","0","4","3","0","4","7","7"
"431671","Vilanova d'Escornalbou",,,"0143","Tarragona","08","Baix Camp","1","0","0","1","0","0","1","1"
"431690","Vilaplana",,,"0143","Tarragona","08","Baix Camp","2","0","5","2","0","5","7","7"
"431704","Vila-rodona",,,"0143","Tarragona","01","Alt Camp","1","0","2","1","0","2","3","3"
"431711","Vila-seca",,,"0143","Tarragona","36","Tarragonès","47","14","40","33","11","17","101","61"
"431750","Vilalba dels Arcs",,,"0243","Terres de l'Ebre","37","Terra Alta","1","0","3","0","0","3","4","3"
"431779","Vinebre",,,"0243","Terres de l'Ebre","30","Ribera d'Ebre","0","0","2","0","0","2","2","2"
"431785","Vinyols i els Arcs",,,"0143","Tarragona","08","Baix Camp","3","0","0","1","0","0","3","1"
"439018","Deltebre",,,"0243","Terres de l'Ebre","09","Baix Ebre","17","0","66","16","0","47","83","63"
"439023","Sant Jaume d'Enveja",,,"0243","Terres de l'Ebre","22","Montsià","1","0","12","1","0","12","13","13"
"439039","Camarles",,,"0243","Terres de l'Ebre","09","Baix Ebre","9","0","7","4","0","5","16","9"
"439044","L'Aldea",,,"0243","Terres de l'Ebre","09","Baix Ebre","9","0","25","8","0","25","34","33"
"439057","Salou",,,"0143","Tarragona","36","Tarragonès","50","0","46","26","0","28","96","54"
"439060","L'Ampolla",,,"0243","Terres de l'Ebre","09","Baix Ebre","2","0","6","0","0","1","8","1"
"439076","La Canonja",,,"0143","Tarragona","36","Tarragonès","16","20","0","13","20","0","36","33"
